situation,woba,n
Bases Empty,0.3205895142629676,1073935
RISP,0.33410623406217776,460775
Two Outs,0.3194421507393621,605522
Clutch (RISP + 2 out),0.3215557649275704,212275
