game_year,elite_rate
2015,17.811860940695297
2016,15.191596452445143
2017,13.787937246020254
2018,14.403100004967955
2019,15.220815095614501
2020,13.993371358100818
2021,13.873260353934302
2022,13.621424689177253
2023,14.222222222222221
2024,13.810941162582843
2025,15.426091977447184
