game_year,mean,std,count
2023,69.62867638491959,8.534478570020296,145911
2024,69.47085439366784,8.886212599379089,316353
2025,69.65561348341916,9.236213225436378,329145
