metric,value
early_pct_6th,2.7627397752984013
late_pct_6th,2.877539385195152
change,0.11479960989675053
slope,0.02379084475870618
r_squared,0.0031973399449998267
p_value,0.868841239871118
