test,pre_value,post_value,change,p_value,cohens_d,interpretation
Pitches per Game,296.0377436178973,294.27598517094606,-1.7617584469512622,0.003198229476566325,0.04885651131416359,negligible
Average Velocity (mph),88.80556565723894,89.1717679715329,0.36620231429395744,1.1349693515715906e-210,0.06041023123066915,negligible
Whiff Rate,0.23661356174190926,0.23256512244731073,-0.004048439294598527,,,N/A (small sample)
